{
  "timestamp": "20250621_210717",
  "iterations": 5,
  "results": [
    {
      "version": "Current",
      "average": 2.4803471999999602,
      "min": 2.4608029999944847,
      "max": 2.494635000010021,
      "times": [
        2.4901459999964572,
        2.4608029999944847,
        2.494635000010021,
        2.4645949999976438,
        2.491557000001194
      ]
    },
    {
      "version": "Optimized",
      "average": 0.06839900000486523,
      "min": 0.06705800001509488,
      "max": 0.07138300000224262,
      "times": [
        0.06705800001509488,
        0.06854999999632128,
        0.0670770000142511,
        0.07138300000224262,
        0.06792699999641627
      ]
    }
  ]
}